Date,Change
7/11/11,-24.31
7/12/11,-5.85
7/13/11,4.08
7/14/11,-8.85
7/15/11,7.28
7/18/11,-10.71
7/19/11,21.29
7/20/11,-0.89
7/21/11,17.96
7/22/11,1.21
7/25/11,-7.58
7/26/11,-5.49
7/27/11,-27.05
7/28/11,-4.22
7/29/11,-8.39
8/1/11,-5.34
8/2/11,-32.9
8/3/11,6.3
8/4/11,-60.27
8/5/11,-0.7
8/8/11,-79.91
8/9/11,53.07
8/10/11,-51.78
8/11/11,51.88
8/12/11,6.17
8/15/11,25.68
8/16/11,-11.73
8/17/11,1.12
8/18/11,-53.24
8/19/11,-17.12
8/22/11,0.29
8/23/11,38.53
8/24/11,15.25
8/25/11,-18.33
8/26/11,17.53
8/29/11,33.28
8/30/11,2.84
8/31/11,5.97
9/1/11,-14.47
9/2/11,-30.45
9/6/11,-8.73
9/7/11,33.39
9/8/11,-12.73
9/9/11,-31.67
9/12/11,8.03
9/13/11,10.61
9/14/11,15.8
9/15/11,20.44
9/16/11,6.9
9/19/11,-11.92
9/20/11,-2
9/21/11,-35.33
9/22/11,-37.2
9/23/11,6.87
9/26/11,26.52
9/27/11,12.43
9/28/11,-24.31
9/29/11,9.34
9/30/11,-28.98
10/3/11,-32.19
10/4/11,24.72
10/5/11,20.09
10/6/11,20.94
10/7/11,-9.51
10/10/11,39.42
10/11/11,0.65
10/12/11,11.72
10/13/11,-3.6
10/14/11,20.92
10/17/11,-23.72
10/18/11,24.52
10/19/11,-15.5
10/20/11,5.51
10/21/11,22.86
10/24/11,15.94
10/25/11,-25.14
10/26/11,12.95
10/27/11,42.59
10/28/11,0.5
10/31/11,-31.79
11/1/11,-35.02
11/2/11,19.63
11/3/11,23.25
11/4/11,-7.93
11/7/11,7.89
11/8/11,14.8
11/9/11,-46.83
11/10/11,10.59
11/11/11,24.17
11/14/11,-12.07
11/15/11,6.03
11/16/11,-20.9
11/17/11,-20.79
11/18/11,-0.47
11/21/11,-22.67
11/22/11,-4.95
11/23/11,-26.24
11/25/11,-3.12
11/28/11,33.88
11/29/11,2.65
11/30/11,51.77
12/1/11,-2.38
12/2/11,-0.3
12/5/11,12.8
12/6/11,1.39
12/7/11,2.54
12/8/11,-26.66
12/9/11,20.84
12/12/11,-18.72
12/13/11,-10.74
12/14/11,-13.92
12/15/11,3.93
12/16/11,3.9
12/19/11,-14.31
12/20/11,35.95
12/21/11,2.41
12/22/11,10.28
12/23/11,11.33
12/27/11,0.1
12/28/11,-15.79
12/29/11,13.38
12/30/11,-5.41
1/3/12,19.46
1/4/12,0.24
1/5/12,3.76
1/6/12,-3.25
1/9/12,2.89
1/10/12,11.38
1/11/12,0.4
1/12/12,3.03
1/13/12,-6.41
1/17/12,4.58
1/18/12,14.37
1/19/12,6.46
1/20/12,0.88
1/23/12,0.62
1/24/12,-1.35
1/25/12,11.39
1/26/12,-7.62
1/27/12,-2.1
1/30/12,-3.31
1/31/12,-0.6
2/1/12,11.68
2/2/12,1.45
2/3/12,19.36
2/6/12,-0.57
2/7/12,2.71
2/8/12,2.91
2/9/12,1.99
2/10/12,-9.31
2/13/12,9.13
2/14/12,-1.27
2/15/12,-7.27
2/16/12,14.82
2/17/12,3.18
2/21/12,0.98
2/22/12,-4.55
2/23/12,5.8
2/24/12,2.28
2/27/12,1.84
2/28/12,4.59
2/29/12,-6.49
3/1/12,8.4
3/2/12,-4.46
3/5/12,-5.29
3/6/12,-20.98
3/7/12,9.27
3/8/12,13.28
3/9/12,4.96
3/12/12,0.23
3/13/12,24.85
3/14/12,-1.67
3/15/12,8.32
3/16/12,1.57
3/19/12,5.57
3/20/12,-4.23
3/21/12,-2.62
3/22/12,-10.11
3/23/12,4.32
3/26/12,19.4
3/27/12,-4
3/28/12,-6.97
3/29/12,-2.27
3/30/12,5.19
4/2/12,10.58
4/3/12,-5.66
4/4/12,-14.42
4/5/12,-0.87
4/9/12,-15.88
4/10/12,-23.61
4/11/12,10.11
4/12/12,18.86
4/13/12,-17.3
4/16/12,-0.69
4/17/12,21.21
4/18/12,-5.64
4/19/12,-8.22
4/20/12,1.61
4/23/12,-11.59
4/24/12,5.03
4/25/12,18.72
4/26/12,9.29
4/27/12,3.38
4/30/12,-5.45
5/1/12,7.91
5/2/12,-3.52
5/3/12,-10.73
5/4/12,-22.47
5/7/12,0.49
5/8/12,-5.86
5/9/12,-9.15
5/10/12,3.42
5/11/12,-4.6
5/14/12,-15.04
5/15/12,-7.69
5/16/12,-5.86
5/17/12,-19.94
5/18/12,-9.64
5/21/12,20.77
5/22/12,0.64
5/23/12,2.23
5/24/12,1.82
5/25/12,-2.86
5/29/12,14.6
5/30/12,-19.1
5/31/12,-2.99
6/1/12,-32.28
6/4/12,0.13
6/5/12,7.32
6/6/12,29.63
6/7/12,-0.14
6/8/12,10.67
6/11/12,-16.72
6/12/12,15.24
6/13/12,-9.3
6/14/12,14.22
6/15/12,13.74
6/18/12,1.94
6/19/12,13.21
6/20/12,-2.29
6/21/12,-30.18
6/22/12,9.51
6/25/12,-21.3
6/26/12,6.27
6/27/12,11.87
6/28/12,-2.81
6/29/12,33.11
7/2/12,3.35
7/3/12,8.5
7/5/12,-6.43
7/6/12,-12.91
7/9/12,-2.22
7/10/12,-10.98
7/11/12,-0.02
7/12/12,-6.7
7/13/12,22.03
7/16/12,-3.14
7/17/12,10.03
7/18/12,9.11
7/19/12,3.73
7/20/12,-13.85
7/23/12,-12.14
7/24/12,-12.2
7/25/12,-0.43
7/26/12,22.14
7/27/12,25.95
7/30/12,-0.67
7/31/12,-5.98
8/1/12,-4.19
8/2/12,-10.14
8/3/12,25.99
8/6/12,3.24
8/7/12,7.12
8/8/12,0.87
8/9/12,0.58
8/10/12,3.07
8/13/12,-1.76
8/14/12,-0.18
8/15/12,1.6
8/16/12,9.99
8/17/12,2.65
8/20/12,-0.03
8/21/12,-4.96
8/22/12,0.32
8/23/12,-11.41
8/24/12,9.04
8/27/12,-0.69
8/28/12,-1.14
8/29/12,1.19
8/30/12,-11.01
8/31/12,7.09
9/4/12,-1.64
9/5/12,-1.5
9/6/12,28.68
9/7/12,5.8
9/10/12,-8.83
9/11/12,4.48
9/12/12,3
9/13/12,23.42
9/14/12,5.79
9/17/12,-4.59
9/18/12,-1.87
9/19/12,1.73
9/20/12,-0.79
9/21/12,-0.11
9/24/12,-3.27
9/25/12,-15.3
9/26/12,-8.27
9/27/12,13.84
9/28/12,-6.48
10/1/12,3.81
10/2/12,1.27
10/3/12,5.24
10/4/12,10.4
10/5/12,-0.47
10/8/12,-5.05
10/9/12,-14.39
10/10/12,-8.92
10/11/12,0.28
10/12/12,-4.25
10/15/12,11.54
10/16/12,14.8
10/17/12,5.99
10/18/12,-3.57
10/19/12,-24.15
10/22/12,0.63
10/23/12,-20.71
10/24/12,-4.36
10/25/12,4.22
10/26/12,-1.03
10/31/12,0.22
11/1/12,15.43
11/2/12,-13.39
11/5/12,3.06
11/6/12,11.13
11/7/12,-33.86
11/8/12,-17.03
11/9/12,2.34
11/12/12,0.18
11/13/12,-5.5
11/14/12,-19.04
11/15/12,-2.16
11/16/12,6.55
11/19/12,27.01
11/20/12,0.93
11/21/12,3.21
11/23/12,18.13
11/26/12,-2.86
11/27/12,-7.35
11/28/12,10.99
11/29/12,6.02
11/30/12,0.23
12/3/12,-6.72
12/4/12,-2.41
12/5/12,2.23
12/6/12,4.67
12/7/12,4.13
12/10/12,0.47
12/11/12,9.29
12/12/12,0.64
12/13/12,-9.03
12/14/12,-5.87
12/17/12,16.78
12/18/12,16.43
12/19/12,-10.98
12/20/12,7.88
12/21/12,-13.54
12/24/12,-3.49
12/26/12,-6.84
12/27/12,-1.73
12/28/12,-15.67
12/31/12,23.76
1/2/13,36.23
1/3/13,-3.06
1/4/13,7.1
1/7/13,-4.58
1/8/13,-4.74
1/9/13,3.87
1/10/13,11.1
1/11/13,-0.07
1/14/13,-1.38
1/15/13,1.66
1/16/13,0.29
1/17/13,8.31
1/18/13,5.04
1/22/13,6.58
1/23/13,2.25
1/24/13,0.01
1/25/13,8.14
1/28/13,-2.78
1/29/13,7.66
1/30/13,-5.88
1/31/13,-3.85
2/1/13,15.06
2/4/13,-17.46
2/5/13,15.58
2/6/13,0.83
2/7/13,-2.72
2/8/13,8.53
2/11/13,-0.92
2/12/13,2.42
2/13/13,0.9
2/14/13,1.05
2/15/13,-1.59
2/19/13,11.15
2/20/13,-18.99
2/21/13,-9.53
2/22/13,13.18
2/25/13,-27.75
2/26/13,9.1
2/27/13,19.04
2/28/13,-1.31
3/1/13,3.52
3/4/13,7
3/5/13,14.59
3/6/13,1.67
3/7/13,2.8
3/8/13,6.92
3/11/13,5.05
3/12/13,-3.75
3/13/13,2.04
3/14/13,8.72
3/15/13,-2.54
3/18/13,-8.59
3/19/13,-3.76
3/20/13,10.37
3/21/13,-12.91
3/22/13,11.08
3/25/13,-5.19
3/26/13,12.08
3/27/13,-0.92
3/28/13,6.33
4/1/13,-7.01
4/2/13,8.08
4/3/13,-16.57
4/4/13,6.29
4/5/13,-6.7
4/8/13,9.79
4/9/13,5.54
4/10/13,19.12
4/11/13,5.64
4/12/13,-4.52
4/15/13,-36.49
4/16/13,22.2
4/17/13,-22.55
4/18/13,-10.4
4/19/13,13.64
4/22/13,7.25
4/23/13,16.28
4/24/13,0.01
4/25/13,6.37
4/26/13,-2.92
4/29/13,11.37
4/30/13,3.96
5/1/13,-14.86
5/2/13,14.89
5/3/13,16.83
5/6/13,3.08
5/7/13,8.46
5/8/13,6.73
5/9/13,-6.02
5/10/13,7.03
5/13/13,0.06
5/14/13,16.57
5/15/13,8.44
5/16/13,-8.31
5/17/13,17
5/20/13,-1.18
5/21/13,2.87
5/22/13,-13.81
5/23/13,-4.84
5/24/13,-0.91
5/28/13,10.45
5/29/13,-11.7
5/30/13,6.05
5/31/13,-23.67
6/3/13,9.68
6/4/13,-9.04
6/5/13,-22.49
6/6/13,13.66
6/7/13,20.82
6/10/13,-0.57
6/11/13,-16.68
6/12/13,-13.61
6/13/13,23.84
6/14/13,-9.64
6/17/13,12.31
6/18/13,12.77
6/19/13,-22.88
6/20/13,-40.74
6/21/13,4.24
6/24/13,-19.34
6/25/13,14.94
6/26/13,15.23
6/27/13,9.94
6/28/13,-6.92
7/1/13,8.68
7/2/13,-0.88
7/3/13,1.33
7/5/13,16.48
7/8/13,8.57
7/9/13,11.85
7/10/13,0.3
7/11/13,22.41
7/12/13,5.17
7/15/13,2.31
7/16/13,-6.24
7/17/13,4.65
7/18/13,8.46
7/19/13,2.72
7/22/13,3.44
7/23/13,-3.14
7/24/13,-6.45
7/25/13,4.32
7/26/13,1.39
7/29/13,-6.32
7/30/13,0.63
7/31/13,-0.23
8/1/13,21.14
8/2/13,2.8
8/5/13,-2.54
8/6/13,-9.77
8/7/13,-6.46
8/8/13,6.57
8/9/13,-6.06
8/12/13,-1.95
8/13/13,4.69
8/14/13,-8.78
8/15/13,-24.07
8/16/13,-5.49
8/19/13,-9.77
8/20/13,6.29
8/21/13,-9.55
8/22/13,14.16
8/23/13,6.55
8/26/13,-6.72
8/27/13,-26.31
8/28/13,4.48
8/29/13,3.21
8/30/13,-5.2
9/3/13,6.8
9/4/13,13.31
9/5/13,2
9/6/13,0.09
9/9/13,16.55
9/10/13,12.27
9/11/13,5.14
9/12/13,-5.71
9/13/13,4.57
9/16/13,9.61
9/17/13,7.16
9/18/13,20.76
9/19/13,-3.18
9/20/13,-12.43
9/23/13,-8.07
9/24/13,-4.42
9/25/13,-4.66
9/26/13,5.9
9/27/13,-6.92
9/30/13,-10.2
10/1/13,13.45
10/2/13,-1.13
10/3/13,-15.21
10/4/13,11.85
10/7/13,-14.39
10/8/13,-20.67
10/9/13,0.95
10/10/13,36.16
10/11/13,10.63
10/14/13,6.95
10/15/13,-12.08
10/16/13,23.48
10/17/13,11.61
10/18/13,11.35
10/21/13,0.15
10/22/13,10.01
10/23/13,-8.3
10/24/13,5.69
10/25/13,7.7
10/28/13,2.34
10/29/13,9.84
10/30/13,-8.64
10/31/13,-6.76
11/1/13,5.1
11/4/13,6.29
11/5/13,-4.96
11/6/13,7.52
11/7/13,-23.34
11/8/13,23.45
11/11/13,1.29
11/12/13,-4.21
11/13/13,14.32
11/14/13,8.61
11/15/13,7.56
11/18/13,-6.65
11/19/13,-3.66
11/20/13,-6.49
11/21/13,14.48
11/22/13,8.9
11/25/13,-2.28
11/26/13,0.27
11/27/13,4.48
11/29/13,-1.42
12/2/13,-4.91
12/3/13,-5.74
12/4/13,-2.34
12/5/13,-7.78
12/6/13,20.06
12/9/13,3.27
12/10/13,-5.75
12/11/13,-20.4
12/12/13,-6.72
12/13/13,-0.18
12/16/13,11.22
12/17/13,-5.53
12/18/13,29.64
12/19/13,-1.05
12/20/13,8.72
12/23/13,9.67
12/24/13,5.33
12/26/13,8.7
12/27/13,-0.62
12/30/13,-0.33
12/31/13,7.29
1/2/14,-16.37
1/3/14,-0.62
1/6/14,-4.6
1/7/14,11.11
1/8/14,-0.38
1/9/14,0.63
1/10/14,4.25
1/13/14,-23.17
1/14/14,19.68
1/15/14,9.5
1/16/14,-2.49
1/17/14,-7.19
1/21/14,5.1
1/22/14,1.05
1/23/14,-16.39
1/24/14,-38.18
1/27/14,-8.73
1/28/14,10.94
1/29/14,-18.29
1/30/14,19.99
1/31/14,-11.6
2/3/14,-40.7
2/4/14,13.32
2/5/14,-3.56
2/6/14,21.79
2/7/14,23.59
2/10/14,2.82
2/11/14,19.91
2/12/14,-0.48
2/13/14,10.57
2/14/14,8.8
2/18/14,2.12
2/19/14,-12.01
2/20/14,11.04
2/21/14,-3.54
2/24/14,11.37
2/25/14,-2.49
2/26/14,0.04
2/27/14,9.13
2/28/14,5.16
3/3/14,-13.71
3/4/14,28.18
3/5/14,-0.1
3/6/14,3.21
3/7/14,1.01
3/10/14,-0.87
3/11/14,-9.55
3/12/14,0.57
3/13/14,-21.85
3/14/14,-5.21
3/17/14,17.7
3/18/14,13.42
3/19/14,-11.48
3/20/14,11.24
3/21/14,-5.49
3/24/14,-9.08
3/25/14,8.18
3/26/14,-13.06
3/27/14,-3.52
3/28/14,8.58
3/31/14,14.71
4/1/14,13.19
4/2/14,5.38
4/3/14,-2.13
4/4/14,-23.68
4/7/14,-20.06
4/8/14,6.92
4/9/14,20.22
4/10/14,-39.1
4/11/14,-17.39
4/14/14,14.92
4/15/14,12.37
4/16/14,19.33
4/17/14,2.54
4/21/14,7.04
4/22/14,7.66
4/23/14,-4.16
4/24/14,3.22
4/25/14,-15.21
4/28/14,6.02
4/29/14,8.9
4/30/14,5.62
5/1/14,-0.27
5/2/14,-2.55
5/5/14,3.52
5/6/14,-16.94
5/7/14,10.49
5/8/14,-2.58
5/9/14,2.85
5/12/14,18.18
5/13/14,0.79
5/14/14,-8.92
5/15/14,-17.68
5/16/14,7.01
5/19/14,7.23
5/20/14,-12.25
5/21/14,15.2
5/22/14,4.46
5/23/14,8.04
5/27/14,11.38
5/28/14,-2.13
5/29/14,10.24
5/30/14,3.55
6/2/14,1.39
6/3/14,-0.72
6/4/14,3.63
6/5/14,12.58
6/6/14,8.98
6/9/14,1.83
6/10/14,-0.48
6/11/14,-6.9
6/12/14,-13.78
6/13/14,6.04
6/16/14,1.62
6/17/14,4.21
6/18/14,14.99
6/19/14,2.5
6/20/14,3.39
6/23/14,-0.26
6/24/14,-12.63
6/25/14,9.55
6/26/14,-2.31
6/27/14,3.74
6/30/14,-0.73
7/1/14,13.09
7/2/14,1.3
7/3/14,10.82
7/7/14,-7.79
7/8/14,-13.94
7/9/14,9.12
7/10/14,-8.16
7/11/14,2.89
7/14/14,9.53
7/15/14,-3.82
7/16/14,8.29
7/17/14,-23.45
7/18/14,20.1
7/21/14,-4.59
7/22/14,9.9
7/23/14,3.48
7/24/14,0.98
7/25/14,-9.64
7/28/14,0.57
7/29/14,-8.96
7/30/14,0.12
7/31/14,-39.39
8/1/14,-5.52
8/4/14,13.83
8/5/14,-18.77
8/6/14,0.02
8/7/14,-10.67
8/8/14,22.02
8/11/14,5.32
8/12/14,-3.17
8/13/14,12.98
8/14/14,8.46
8/15/14,-0.12
8/18/14,16.68
8/19/14,9.86
8/20/14,4.9
8/21/14,5.86
8/22/14,-3.96
8/25/14,9.52
8/26/14,2.1
8/27/14,0.1
8/28/14,-3.38
8/29/14,6.63
9/2/14,-1.08
9/3/14,-1.56
9/4/14,-3.07
9/5/14,10.06
9/8/14,-6.17
9/9/14,-13.1
9/10/14,7.25
9/11/14,1.75
9/12/14,-11.91
9/15/14,-1.4
9/16/14,14.85
9/17/14,2.58
9/18/14,9.8
9/19/14,-0.97
9/22/14,-16.11
9/23/14,-11.52
9/24/14,15.54
9/25/14,-32.31
9/26/14,16.86
9/29/14,-5.04
9/30/14,-5.52
10/1/14,-26.12
10/2/14,0.01
10/3/14,21.74
10/6/14,-3.08
10/7/14,-29.73
10/8/14,33.79
10/9/14,-40.68
10/10/14,-22.08
10/13/14,-31.39
10/14/14,2.96
10/15/14,-15.21
10/16/14,0.27
10/17/14,24
10/20/14,17.25
10/21/14,37.27
10/22/14,-14.17
10/23/14,23.71
10/24/14,13.76
10/27/14,-2.95
10/28/14,23.42
10/29/14,-2.74
10/30/14,12.35
10/31/14,23.4
11/3/14,-0.24
11/4/14,-5.72
11/5/14,11.48
11/6/14,7.64
11/7/14,0.71
11/10/14,6.34
11/11/14,1.42
11/12/14,-1.43
11/13/14,1.07
11/14/14,0.49
11/17/14,1.5
11/18/14,10.48
11/19/14,-3.07
11/20/14,4.03
11/21/14,10.75
11/24/14,5.91
11/25/14,-2.38
11/26/14,5.79
11/28/14,-5.27
12/1/14,-14.12
12/2/14,13.11
12/3/14,7.79
12/4/14,-2.42
12/5/14,3.45
12/8/14,-15.06
12/9/14,-0.49
12/10/14,-33.67
12/11/14,9.18
12/12/14,-32.99
12/15/14,-12.7
12/16/14,-16.89
12/17/14,40.15
12/18/14,48.34
12/19/14,9.42
12/22/14,7.89
12/23/14,3.63
12/24/14,-0.29
12/26/14,6.88
12/29/14,1.81
12/30/14,-10.23
12/31/14,-21.44
1/2/15,-0.7
1/5/15,-37.63
1/6/15,-17.96
1/7/15,23.29
1/8/15,36.24
1/9/15,-17.33
1/12/15,-16.55
1/13/15,-5.23
1/14/15,-11.76
1/15/15,-18.6
1/16/15,26.75
1/20/15,3.13
1/21/15,9.57
1/22/15,31.03
1/23/15,-11.32
1/26/15,5.27
1/27/15,-27.54
1/28/15,-27.4
1/29/15,19.1
1/30/15,-26.26
2/2/15,25.86
2/3/15,29.18
2/4/15,-8.52
2/5/15,21.01
2/6/15,-7.05
2/9/15,-8.73
2/10/15,21.85
2/11/15,-0.06
2/12/15,19.95
2/13/15,8.5
2/17/15,3.36
2/18/15,-0.67
2/19/15,-2.23
2/20/15,12.85
2/23/15,-0.64
2/24/15,5.83
2/25/15,-1.62
2/26/15,-3.12
2/27/15,-6.24
3/2/15,12.89
3/3/15,-9.61
3/4/15,-9.25
3/5/15,2.51
3/6/15,-29.78
3/9/15,8.16
3/10/15,-35.26
3/11/15,-3.93
3/12/15,25.72
3/13/15,-12.56
3/16/15,27.79
3/17/15,-6.92
3/18/15,25.22
3/19/15,-10.23
3/20/15,18.82
3/23/15,-3.68
3/24/15,-12.92
3/25/15,-30.45
3/26/15,-4.9
3/27/15,4.87
3/30/15,25.22
3/31/15,-18.35
4/1/15,-8.2
4/2/15,7.27
4/6/15,13.65
4/7/15,-4.28
4/8/15,5.57
4/9/15,9.28
4/10/15,10.87
4/13/15,-9.63
4/14/15,3.41
4/15/15,10.79
4/16/15,-1.64
4/17/15,-23.81
4/20/15,19.22
4/21/15,-3.11
4/22/15,10.68
4/23/15,4.96
4/24/15,4.76
4/27/15,-8.77
4/28/15,5.84
4/29/15,-7.91
4/30/15,-21.34
5/1/15,22.78
5/4/15,6.2
5/5/15,-25.03
5/6/15,-9.32
5/7/15,7.85
5/8/15,28.1
5/11/15,-10.77
5/12/15,-6.21
5/13/15,-0.64
5/14/15,22.62
5/15/15,1.64
5/18/15,6.47
5/19/15,-1.38
5/20/15,-1.98
5/21/15,4.97
5/22/15,-4.76
5/26/15,-21.86
5/27/15,19.28
5/28/15,-2.69
5/29/15,-13.4
6/1/15,4.34
6/2/15,-2.13
6/3/15,4.47
6/4/15,-18.22
6/5/15,-3.01
6/8/15,-13.55
6/9/15,0.87
6/10/15,25.05
6/11/15,3.65
6/12/15,-14.75
6/15/15,-9.68
6/16/15,11.87
6/17/15,4.15
6/18/15,20.79
6/19/15,-11.25
6/22/15,12.86
6/23/15,1.35
6/24/15,-15.62
6/25/15,-6.27
6/26/15,-0.82
6/29/15,-43.85
6/30/15,5.47
7/1/15,14.31
7/2/15,-0.65
7/6/15,-8.02
7/7/15,12.58
7/8/15,-34.66
7/9/15,4.63
7/10/15,25.31
7/13/15,22.98
7/14/15,9.36
7/15/15,-1.55
7/16/15,16.88
7/17/15,2.36
7/20/15,1.64
7/21/15,-9.07
7/22/15,-5.06
7/23/15,-12
7/24/15,-22.5
7/27/15,-12.01
7/28/15,25.61
7/29/15,15.32
7/30/15,0.06
7/31/15,-4.79
8/3/15,-5.8
8/4/15,-4.72
8/5/15,6.52
8/6/15,-16.28
8/7/15,-5.99
8/10/15,26.61
8/11/15,-20.11
8/12/15,1.97
8/13/15,-2.66
8/14/15,8.16
8/17/15,10.89
8/18/15,-5.52
8/19/15,-17.31
8/20/15,-43.88
8/21/15,-64.85
8/24/15,-77.68
8/25/15,-25.6
8/26/15,72.9
8/27/15,47.15
8/28/15,1.21
8/31/15,-16.69
9/1/15,-58.33
9/2/15,35.01
9/3/15,2.27
9/4/15,-29.9
9/8/15,48.19
9/9/15,-27.38
9/10/15,10.25
9/11/15,8.76
9/14/15,-8.02
9/15/15,25.06
9/16/15,17.22
9/17/15,-5.11
9/18/15,-32.17
9/21/15,8.94
9/22/15,-24.23
9/23/15,-3.98
9/24/15,-6.52
9/25/15,-0.9
9/28/15,-49.57
9/29/15,2.32
9/30/15,35.94
10/1/15,3.79
10/2/15,27.54
10/5/15,35.69
10/6/15,-7.14
10/7/15,15.91
10/8/15,17.6
10/9/15,1.46
10/12/15,2.56
10/13/15,-13.77
10/14/15,-9.45
10/15/15,29.62
10/16/15,9.25
10/19/15,0.55
10/20/15,-2.9
10/21/15,-11.83
10/22/15,33.57
10/23/15,22.64
10/26/15,-3.97
10/27/15,-5.29
10/28/15,24.46
10/29/15,-0.95
10/30/15,-10.05
11/2/15,24.69
11/3/15,5.74
11/4/15,-7.47
11/5/15,-2.38
11/6/15,-0.73
11/9/15,-20.62
11/10/15,3.14
11/11/15,-6.71
11/12/15,-29.04
11/13/15,-22.93
11/16/15,30.15
11/17/15,-2.75
11/18/15,33.15
11/19/15,-2.34
11/20/15,7.93
11/23/15,-2.58
11/24/15,2.55
11/25/15,-0.27
11/27/15,1.23
11/30/15,-9.7
12/1/15,22.23
12/2/15,-23.13
12/3/15,-29.89
12/4/15,42.07
12/7/15,-14.62
12/8/15,-13.48
12/9/15,-15.97
12/10/15,4.61
12/11/15,-39.86
12/14/15,9.57
12/15/15,21.47
12/16/15,29.66
12/17/15,-31.18
12/18/15,-36.34
12/21/15,15.6
12/22/15,17.82
12/23/15,25.32
12/24/15,-3.3
12/28/15,-4.49
12/29/15,21.86
12/30/15,-15.01
12/31/15,-19.42
1/4/16,-31.28
1/5/16,4.06
1/6/16,-26.45
1/7/16,-47.17
1/8/16,-21.06
1/11/16,1.64
1/12/16,15
1/13/16,-48.4
1/14/16,31.56
1/15/16,-41.51
1/19/16,1.01
1/20/16,-22
1/21/16,9.66
1/22/16,37.92
1/25/16,-29.83
1/26/16,26.55
1/27/16,-20.68
1/28/16,10.41
1/29/16,46.88
2/1/16,-0.86
2/2/16,-36.35
2/3/16,9.5
2/4/16,2.91
2/5/16,-35.39
2/8/16,-26.62
2/9/16,-1.23
2/10/16,-0.35
2/11/16,-22.78
2/12/16,35.7
2/16/16,30.8
2/17/16,31.25
2/18/16,-8.99
2/19/16,-0.05
2/22/16,27.72
2/23/16,-24.23
2/24/16,8.53
2/25/16,21.9
2/26/16,-3.65
2/29/16,-15.83
3/1/16,46.12
3/2/16,8.11
3/3/16,6.95
3/4/16,6.59
3/7/16,1.77
3/8/16,-22.5
3/9/16,10
3/10/16,0.3
3/11/16,32.62
3/14/16,-2.55
3/15/16,-3.71
3/16/16,11.29
3/17/16,13.37
3/18/16,8.99
3/21/16,2.02
3/22/16,-1.8
3/23/16,-13.09
3/24/16,-0.78
3/28/16,1.11
3/29/16,17.96
3/30/16,8.93
3/31/16,-4.2
4/1/16,13.04
4/4/16,-6.65
4/5/16,-20.96
4/6/16,21.5
4/7/16,-24.75
4/8/16,5.69
4/11/16,-5.61
4/12/16,19.73
4/13/16,20.7
4/14/16,0.36
4/15/16,-2.05
4/18/16,13.61
4/19/16,6.46
4/20/16,1.6
4/21/16,-10.91
4/22/16,0.1
4/25/16,-3.79
4/26/16,3.9
4/27/16,3.46
4/28/16,-19.34
4/29/16,-10.51
5/2/16,16.13
5/3/16,-18.06
5/4/16,-12.25
5/5/16,-0.49
5/6/16,6.51
5/9/16,1.55
5/10/16,25.7
5/11/16,-19.92
5/12/16,-0.35
5/13/16,-17.49
5/16/16,20.04
5/17/16,-19.45
5/18/16,0.42
5/19/16,-7.59
5/20/16,12.28
5/23/16,-4.27
5/24/16,28.01
5/25/16,14.49
5/26/16,-0.44
5/27/16,8.96
5/31/16,-2.1
6/1/16,2.37
6/2/16,5.93
6/3/16,-6.14
6/6/16,10.28
6/7/16,2.72
6/8/16,6.99
6/9/16,-3.64
6/10/16,-19.41
6/13/16,-17.01
6/14/16,-3.74
6/15/16,-3.81
6/16/16,6.49
6/17/16,-6.77
6/20/16,12.03
6/21/16,5.65
6/22/16,-3.45
6/23/16,27.87
6/24/16,-75.92
6/27/16,-36.87
6/28/16,35.56
6/29/16,34.68
6/30/16,28.08
7/1/16,4.1
7/5/16,-14.41
7/6/16,11.19
7/7/16,-1.83
7/8/16,32
7/11/16,7.26
7/12/16,14.98
7/13/16,0.28
7/14/16,11.32
7/15/16,-2.01
7/18/16,5.15
7/19/16,-3.11
7/20/16,9.24
7/21/16,-7.85
7/22/16,9.86
7/25/16,-6.55
7/26/16,0.7
7/27/16,-2.59
7/28/16,3.48
7/29/16,3.55
8/1/16,-2.77
8/2/16,-13.81
8/3/16,6.77
8/4/16,0.46
8/5/16,18.62
8/8/16,-1.98
8/9/16,0.85
8/10/16,-6.25
8/11/16,10.31
8/12/16,-1.74
8/15/16,6.1
8/16/16,-12
8/17/16,4.07
8/18/16,4.81
8/19/16,-3.16
8/22/16,-1.23
8/23/16,4.26
8/24/16,-11.46
8/25/16,-2.97
8/26/16,-3.43
8/29/16,11.34
8/30/16,-4.25
8/31/16,-5.18
9/1/16,-0.08
9/2/16,9.12
9/6/16,6.49
9/7/16,-0.32
9/8/16,-4.86
9/9/16,-53.49
9/12/16,31.23
9/13/16,-32.02
9/14/16,-1.25
9/15/16,21.49
9/16/16,-8.1
9/19/16,-0.05
9/20/16,0.64
9/21/16,23.36
9/22/16,14.06
9/23/16,-12.49
9/26/16,-18.6
9/27/16,13.83
9/28/16,11.44
9/29/16,-20.24
9/30/16,17.14
10/3/16,-7.08
10/4/16,-10.71
10/5/16,9.24
10/6/16,1.04
10/7/16,-7.03
10/10/16,9.92
10/11/16,-26.93
10/12/16,2.45
10/13/16,-6.63
10/14/16,0.43
10/17/16,-6.48
10/18/16,13.1
10/19/16,4.69
10/20/16,-2.95
10/21/16,-0.18
10/24/16,10.17
10/25/16,-8.17
10/26/16,-3.73
10/27/16,-6.39
10/28/16,-6.63
10/31/16,-0.25
11/1/16,-14.43
11/2/16,-13.78
11/3/16,-9.28
11/4/16,-3.49
11/7/16,46.35
11/8/16,8.04
11/9/16,23.69
11/10/16,4.22
11/11/16,-3.03
11/14/16,-0.25
11/15/16,16.19
11/16/16,-3.45
11/17/16,10.18
11/18/16,-5.22
11/21/16,16.28
11/22/16,4.75
11/23/16,1.79
11/25/16,8.63
11/28/16,-11.63
11/29/16,2.94
11/30/16,-5.85
12/1/16,-7.73
12/2/16,0.87
12/5/16,12.75
12/6/16,7.53
12/7/16,29.12
12/8/16,4.83
12/9/16,13.34
12/12/16,-2.57
12/13/16,14.76
12/14/16,-18.44
12/15/16,8.75
12/16/16,-3.96
12/19/16,4.46
12/20/16,8.23
12/21/16,-5.58
12/22/16,-4.22
12/23/16,2.83
12/27/16,5.09
12/28/16,-18.95
12/29/16,-0.67
12/30/16,-10.43
1/3/17,19
1/4/17,12.92
1/5/17,-1.75
1/6/17,7.98
1/9/17,-8.08
1/10/17,0
1/11/17,6.42
1/12/17,-4.87
1/13/17,4.19
1/17/17,-6.75
1/18/17,4
1/19/17,-8.2
1/20/17,7.63
1/23/17,-6.11
1/24/17,14.87
1/25/17,18.29
1/26/17,-1.69
1/27/17,-1.99
1/30/17,-13.79
1/31/17,-2.03
2/1/17,0.69
2/2/17,1.3
2/3/17,16.57
2/6/17,-4.86
2/7/17,0.52
2/8/17,1.59
2/9/17,13.21
2/10/17,8.22
2/13/17,12.16
2/14/17,9.33
2/15/17,11.66
2/16/17,-2.02
2/17/17,3.94
2/21/17,14.22
2/22/17,-2.56
2/23/17,0.99
2/24/17,3.54
2/27/17,2.41
2/28/17,-6.11
3/1/17,32.32
3/2/17,-14.04
3/3/17,1.2
3/6/17,-7.81
3/7/17,-6.92
3/8/17,-5.42
3/9/17,1.89
3/10/17,7.73
3/13/17,0.88
3/14/17,-8.02
3/15/17,19.81
3/16/17,-3.88
3/17/17,-3.13
3/20/17,-4.78
3/21/17,-29.45
3/22/17,4.43
3/23/17,-2.49
3/24/17,-1.98
3/27/17,-2.39
3/28/17,16.98
3/29/17,2.57
3/30/17,6.93
3/31/17,-5.34
4/3/17,-3.88
4/4/17,1.32
4/5/17,-7.21
4/6/17,4.54
4/7/17,-1.94
4/10/17,1.62
4/11/17,-3.39
4/12/17,-8.85
4/13/17,-15.97
4/17/17,20.06
4/18/17,-6.82
4/19/17,-4.02
4/20/17,17.68
4/21/17,-7.15
4/24/17,25.46
4/25/17,14.46
4/26/17,-1.17
4/27/17,1.32
4/28/17,-4.57
5/1/17,4.13
5/2/17,2.84
5/3/17,-3.03
5/4/17,1.39
5/5/17,9.76
5/8/17,0.09
5/9/17,-2.46
5/10/17,2.71
5/11/17,-5.19
5/12/17,-3.54
5/15/17,11.42
5/16/17,-1.65
5/17/17,-43.64
5/18/17,8.69
5/19/17,16
5/22/17,12.3
5/23/17,4.39
5/24/17,5.97
5/25/17,10.68
5/26/17,0.76
5/30/17,-2.92
5/31/17,-1.11
6/1/17,18.26
6/2/17,9.01
6/5/17,-2.97
6/6/17,-6.77
6/7/17,3.81
6/8/17,0.65
6/9/17,-2.02
6/12/17,-2.38
6/13/17,10.96
6/14/17,-2.43
6/15/17,-5.46
6/16/17,0.69
6/19/17,20.31
6/20/17,-16.43
6/21/17,-1.42
6/22/17,-1.11
6/23/17,3.8
6/26/17,0.77
6/27/17,-19.69
6/28/17,21.31
6/29/17,-20.99
6/30/17,3.71
7/3/17,5.61
7/5/17,3.53
7/6/17,-22.79
7/7/17,15.43
7/10/17,2.26
7/11/17,-1.91
7/12/17,17.72
7/13/17,4.58
7/14/17,11.44
7/17/17,-0.13
7/18/17,1.47
7/19/17,13.22
7/20/17,-0.38
7/21/17,-0.91
7/24/17,-2.62
7/25/17,7.21
7/26/17,0.71
7/27/17,-2.41
7/28/17,-3.32
7/31/17,-1.8
8/1/17,6.05
8/2/17,1.22
8/3/17,-5.41
8/4/17,4.67
8/7/17,4.08
8/8/17,-5.99
8/9/17,-0.9
8/10/17,-35.81
8/11/17,3.11
8/14/17,24.52
8/15/17,-1.23
8/16/17,3.5
8/17/17,-38.1
8/18/17,-4.46
8/21/17,2.82
8/22/17,24.14
8/23/17,-8.47
8/24/17,-5.08
8/25/17,4.08
8/28/17,1.19
8/29/17,2.06
8/30/17,11.29
8/31/17,14.06
9/1/17,4.9
9/5/17,-18.7
9/6/17,7.69
9/7/17,-0.44
9/8/17,-3.67
9/11/17,26.67
9/12/17,8.38
9/13/17,1.89
9/14/17,-2.75
9/15/17,4.61
9/18/17,3.64
9/19/17,2.78
9/20/17,1.59
9/21/17,-7.63
9/22/17,1.62
9/25/17,-5.56
9/26/17,0.18
9/27/17,10.2
9/28/17,3.02
9/29/17,9.3
10/2/17,9.76
10/3/17,5.46
10/4/17,3.16
10/5/17,14.32
10/6/17,-2.73
10/9/17,-4.6
10/10/17,5.91
10/11/17,4.6
10/12/17,-4.31
10/13/17,2.24
10/16/17,4.47
10/17/17,1.72
10/18/17,1.91
10/19/17,0.84
10/20/17,13.1
10/23/17,-10.23
10/24/17,4.16
10/25/17,-11.98
10/26/17,3.25
10/27/17,20.67
10/30/17,-8.23
10/31/17,2.43
11/1/17,4.09
11/2/17,0.5
11/3/17,7.98
11/6/17,3.29
11/7/17,-0.49
11/8/17,3.73
11/9/17,-9.75
11/10/17,-2.32
11/13/17,2.54
11/14/17,-5.97
11/15/17,-14.25
11/16/17,21.02
11/17/17,-6.79
11/20/17,3.29
11/21/17,16.89
11/22/17,-1.95
11/24/17,5.35
11/27/17,-1
11/28/17,25.62
11/29/17,-0.98
11/30/17,21.51
12/1/17,-5.36
12/4/17,-2.78
12/5/17,-9.87
12/6/17,-0.3
12/7/17,7.71
12/8/17,14.52
12/11/17,8.49
12/12/17,4.12
12/13/17,-1.26
12/14/17,-10.83
12/15/17,23.8
12/18/17,14.35
12/19/17,-8.68
12/20/17,-2.23
12/21/17,5.32
12/22/17,-1.23
12/26/17,-2.83
12/27/17,2.12
12/28/17,4.92
12/29/17,-13.93
1/2/18,22.2
1/3/18,17.25
1/4/18,10.93
1/5/18,19.16
1/8/18,4.56
1/9/18,3.58
1/10/18,-3.06
1/11/18,19.33
1/12/18,18.69
1/16/18,-9.82
1/17/18,26.14
1/18/18,-4.53
1/19/18,12.27
1/22/18,22.67
1/23/18,6.16
1/24/18,-1.59
1/25/18,1.71
1/26/18,33.61
1/29/18,-19.34
1/30/18,-31.09
1/31/18,1.38
2/1/18,-1.83
2/2/18,-59.85
2/5/18,-113.19
2/6/18,46.21
2/7/18,-13.48
2/8/18,-100.66
2/9/18,38.55
2/12/18,36.45
2/13/18,6.95
2/14/18,35.69
2/15/18,32.57
2/16/18,1.02
2/20/18,-15.96
2/21/18,-14.93
2/22/18,2.63
2/23/18,43.34
2/26/18,32.3
2/27/18,-35.32
2/28/18,-30.45
3/1/18,-36.16
3/2/18,13.58
3/5/18,29.69
3/6/18,7.18
3/7/18,-1.32
3/8/18,12.17
3/9/18,47.6
3/12/18,-3.55
3/13/18,-17.71
3/14/18,-15.83
3/15/18,-2.15
3/16/18,4.68
3/19/18,-39.09
3/20/18,4.02
3/21/18,-5.01
3/22/18,-68.24
3/23/18,-55.43
3/26/18,70.29
3/27/18,-45.93
3/28/18,-7.63
3/29/18,35.87
4/2/18,-58.98
4/3/18,32.56
4/4/18,30.24
4/5/18,18.15
4/6/18,-58.37
4/9/18,8.69
4/10/18,43.71
4/11/18,-14.68
4/12/18,21.8
4/13/18,-7.7
4/16/18,21.54
4/17/18,28.55
4/18/18,2.25
4/19/18,-15.51
4/20/18,-22.98
4/23/18,0.15
4/24/18,-35.73
4/25/18,4.84
4/26/18,27.55
4/27/18,2.96
4/30/18,-21.86
5/1/18,6.75
5/2/18,-19.13
5/3/18,-5.94
5/4/18,33.69
5/7/18,9.21
5/8/18,-0.71
5/9/18,25.87
5/10/18,25.28
5/11/18,4.65
5/14/18,2.42
5/15/18,-18.69
5/16/18,11.02
5/17/18,-2.34
5/18/18,-7.15
5/21/18,20.04
5/22/18,-8.57
5/23/18,8.85
5/24/18,-5.53
5/25/18,-6.44
5/29/18,-31.47
5/30/18,34.15
5/31/18,-18.74
6/1/18,29.34
6/4/18,12.25
6/5/18,1.92
6/6/18,23.55
6/7/18,-1.97
6/8/18,8.66
6/11/18,2.98
6/12/18,4.85
6/13/18,-11.23
6/14/18,6.86
6/15/18,-2.83
6/18/18,-5.92
6/19/18,-11.15
6/20/18,4.72
6/21/18,-17.56
6/22/18,5.12
6/25/18,-37.8
6/26/18,5.98
6/27/18,-23.43
6/28/18,16.68
6/29/18,2.06
7/2/18,8.34
7/3/18,-13.49
7/5/18,23.39
7/6/18,23.21
7/9/18,24.35
7/10/18,9.67
7/11/18,-19.82
7/12/18,24.27
7/13/18,3.02
7/16/18,-2.88
7/17/18,11.12
7/18/18,6.07
7/19/18,-11.13
7/20/18,-2.67
7/23/18,5.15
7/24/18,13.42
7/25/18,25.66
7/26/18,-8.63
7/27/18,-18.62
7/30/18,-16.22
7/31/18,13.69
8/1/18,-2.92
8/2/18,13.85
8/3/18,13.14
8/6/18,10.04
8/7/18,8.05
8/8/18,-0.75
8/9/18,-4.12
8/10/18,-20.3
8/13/18,-11.36
8/14/18,18.03
8/15/18,-21.58
8/16/18,22.31
8/17/18,9.44
8/20/18,6.92
8/21/18,5.9
8/22/18,-1.13
8/23/18,-4.84
8/24/18,17.71
8/27/18,22.05
8/28/18,0.79
8/29/18,16.52
8/30/18,-12.91
8/31/18,0.39
9/4/18,-4.79
9/5/18,-8.12
9/6/18,-10.55
9/7/18,-6.37
9/10/18,5.44
9/11/18,10.77
9/12/18,1.02
9/13/18,15.27
9/14/18,0.79
9/17/18,-16.17
9/18/18,15.51
9/19/18,3.63
9/20/18,22.8
9/21/18,-1.08
9/24/18,-10.29
9/25/18,-3.81
9/26/18,-9.6
9/27/18,8.03
9/28/18,-0.02
10/1/18,10.61
10/2/18,-1.16
10/3/18,2.08
10/4/18,-23.9
10/5/18,-16.05
10/8/18,-1.13
10/9/18,-4.09
10/10/18,-94.66
10/11/18,-57.31
10/12/18,38.76
10/15/18,-16.34
10/16/18,59.13
10/17/18,-0.71
10/18/18,-40.42
10/19/18,-1
10/22/18,-11.9
10/23/18,-15.19
10/24/18,-84.59
10/25/18,49.47
10/26/18,-46.88
10/29/18,-17.44
10/30/18,41.39
10/31/18,29.11
11/1/18,28.63
11/2/18,-17.31
11/5/18,15.26
11/6/18,17.14
11/7/18,58.44
11/8/18,-7.06
11/9/18,-25.82
11/12/18,-54.79
11/13/18,-4.03
11/14/18,-20.61
11/15/18,28.63
11/16/18,6.07
11/19/18,-45.54
11/20/18,-48.84
11/21/18,8.04
11/23/18,-17.37
11/26/18,40.89
11/27/18,8.72
11/28/18,61.62
11/29/18,-6.02
11/30/18,22.41
12/3/18,30.2
12/4/18,-90.31
12/6/18,-4.12
12/7/18,-62.87
12/10/18,4.64
12/11/18,-0.94
12/12/18,14.28
12/13/18,-0.53
12/14/18,-50.58
12/17/18,-54.01
12/18/18,0.22
12/19/18,-39.21
12/20/18,-39.54
12/21/18,-50.8
12/24/18,-65.52
12/26/18,116.6
12/27/18,21.12
12/28/18,-3.09
12/31/18,21.11
1/2/19,3.18
1/3/19,-62.14
1/4/19,84.05
1/7/19,17.75
1/8/19,24.72
1/9/19,10.55
1/10/19,11.68
1/11/19,-0.38
1/14/19,-13.64
1/15/19,27.69
1/16/19,5.79
1/17/19,19.86
1/18/19,34.76
1/22/19,-37.81
1/23/19,5.79
1/24/19,3.64
1/25/19,22.43
1/28/19,-20.91
1/29/19,-3.84
1/30/19,41.05
1/31/19,23.05
2/1/19,2.43
2/4/19,18.33
2/5/19,12.84
2/6/19,-6.09
2/7/19,-25.56
2/8/19,1.83
2/11/19,1.92
2/12/19,34.93
2/13/19,8.3
2/14/19,-7.3
2/15/19,29.87
2/19/19,4.16
2/20/19,4.94
2/21/19,-9.82
2/22/19,17.79
2/25/19,3.44
2/26/19,-2.21
2/27/19,-1.52
2/28/19,-7.89
3/1/19,19.2
3/4/19,-10.88
3/5/19,-3.16
3/6/19,-18.2
3/7/19,-22.52
3/8/19,-5.86
3/11/19,40.23
3/12/19,8.23
3/13/19,19.4
3/14/19,-2.43
3/15/19,13.99
3/18/19,10.46
3/19/19,-0.37
3/20/19,-8.34
3/21/19,30.65
3/22/19,-54.16
3/25/19,-2.35
3/26/19,20.1
3/27/19,-13.08
3/28/19,10.06
3/29/19,18.96
4/1/19,32.79
4/2/19,0.04
4/3/19,6.16
4/4/19,5.99
4/5/19,13.35
4/8/19,3.03
4/9/19,-17.57
4/10/19,10.01
4/11/19,0.11
4/12/19,19.09
4/15/19,-1.83
4/16/19,1.47
4/17/19,-6.6
4/18/19,4.58
4/22/19,2.94
4/23/19,25.7
4/24/19,-6.42
4/25/19,-1.08
4/26/19,13.71
4/29/19,3.15
4/30/19,2.8
5/1/19,-22.1
5/2/19,-6.22
5/3/19,28.12
5/6/19,-13.16
5/7/19,-48.42
5/8/19,-4.63
5/9/19,-8.7
5/10/19,10.68
5/13/19,-69.54
5/14/19,22.54
5/15/19,16.56
5/16/19,25.35
5/17/19,-16.78
5/20/19,-19.3
5/21/19,24.13
5/22/19,-8.09
5/23/19,-34.03
5/24/19,3.82
5/28/19,-23.68
5/29/19,-19.37
5/30/19,5.85
5/31/19,-36.8
6/3/19,-7.62
6/4/19,58.83
6/5/19,22.88
6/6/19,17.34
6/7/19,29.85
6/10/19,13.39
6/11/19,-1.01
6/12/19,-5.89
6/13/19,11.8
6/14/19,-4.66
6/17/19,2.69
6/18/19,28.08
6/19/19,8.71
6/20/19,27.73
6/21/19,-3.73
6/24/19,-5.11
6/25/19,-27.97
6/26/19,-3.6
6/27/19,11.14
6/28/19,16.84
7/1/19,22.57
7/2/19,8.68
7/3/19,22.81
7/5/19,-5.41
7/8/19,-14.46
7/9/19,3.68
7/10/19,13.44
7/11/19,6.84
7/12/19,13.87
7/15/19,0.53
7/16/19,-10.25
7/17/19,-19.62
7/18/19,10.69
7/19/19,-18.5
7/22/19,8.42
7/23/19,20.44
7/24/19,14.08
7/25/19,-15.89
7/26/19,22.19
7/29/19,-4.89
7/30/19,-7.79
7/31/19,-32.8
8/1/19,-26.82
8/2/19,-21.51
8/5/19,-87.3
8/6/19,37.03
8/7/19,2.21
8/8/19,54.11
8/9/19,-19.45
8/12/19,-34.9
8/13/19,42.58
8/14/19,-85.73
8/15/19,7
8/16/19,41.08
8/19/19,34.97
8/20/19,-23.14
8/21/19,23.92
8/22/19,-1.48
8/23/19,-75.84
8/26/19,31.27
8/27/19,-9.23
8/28/19,18.78
8/29/19,36.64
8/30/19,1.88
9/3/19,-20.19
9/4/19,31.51
9/5/19,38.22
9/6/19,2.71
9/9/19,-0.27
9/10/19,0.95
9/11/19,21.54
9/12/19,8.65
9/13/19,-2.18
9/16/19,-9.43
9/17/19,7.74
9/18/19,1.03
9/19/19,0.06
9/20/19,-14.72
9/23/19,-0.29
9/24/19,-25.18
9/25/19,18.27
9/26/19,-7.25
9/27/19,-15.82
9/30/19,14.94
10/1/19,-36.49
10/2/19,-52.64
10/3/19,23.03
10/4/19,41.37
10/7/19,-13.22
10/8/19,-45.73
10/9/19,26.34
10/10/19,18.73
10/11/19,32.14
10/14/19,-4.12
10/15/19,29.53
10/16/19,-5.99
10/17/19,8.26
10/18/19,-11.75
10/21/19,20.52
10/22/19,-10.73
10/23/19,8.53
10/24/19,5.76
10/25/19,12.26
10/28/19,16.87
10/29/19,-2.53
10/30/19,9.87
10/31/19,-9.2
11/1/19,29.35
11/4/19,11.35
11/5/19,-3.65
11/6/19,2.16
11/7/19,8.41
11/8/19,7.9
11/11/19,-6.08
11/12/19,4.83
11/13/19,2.2
11/14/19,2.6
11/15/19,23.83
11/18/19,1.57
11/19/19,-1.85
11/20/19,-11.72
11/21/19,-4.92
11/22/19,6.75
11/25/19,23.35
11/26/19,6.88
11/27/19,13.11
11/29/19,-12.65
12/2/19,-27.11
12/3/19,-20.67
12/4/19,19.56
12/5/19,4.67
12/6/19,28.48
12/9/19,-9.95
12/10/19,-3.44
12/11/19,9.11
12/12/19,26.94
12/13/19,0.23
12/16/19,22.65
12/17/19,1.07
12/18/19,-1.38
12/19/19,14.23
12/20/19,15.86
12/23/19,2.79
12/24/19,-0.63
12/26/19,16.53
12/27/19,0.11
12/30/19,-18.73
12/31/19,9.49
1/2/20,27.07
1/3/20,-23
1/6/20,11.43
1/7/20,-9.1
1/8/20,15.86
1/9/20,21.66
1/10/20,-9.35
1/13/20,22.78
1/14/20,-4.98
1/15/20,6.14
1/16/20,27.51
1/17/20,12.82
1/21/20,-8.83
1/22/20,0.96
1/23/20,3.8
1/24/20,-30.07
1/27/20,-51.85
1/28/20,32.62
1/29/20,-2.84
1/30/20,10.26
1/31/20,-58.14
2/3/20,23.41
2/4/20,48.66
2/5/20,37.11
2/6/20,11.09
2/7/20,-18.07
2/10/20,24.39
2/11/20,5.65
2/12/20,21.7
2/13/20,-5.51
2/14/20,6.22
2/18/20,-9.87
2/19/20,15.87
2/20/20,-12.92
2/21/20,-35.48
2/24/20,-111.86
2/25/20,-97.68
2/26/20,-11.82
2/27/20,-137.63
2/28/20,-24.53
3/2/20,136.01
3/3/20,-86.87
3/4/20,126.75
3/5/20,-106.18
3/6/20,-51.57
3/9/20,-225.81
3/10/20,135.67
3/11/20,-140.84
3/12/20,-260.74
3/13/20,230.38
3/16/20,-324.89
3/17/20,143.06
3/18/20,-131.1
3/19/20,11.29
3/20/20,-104.47
3/23/20,-67.52
3/24/20,209.93
3/25/20,28.23
3/26/20,154.51
3/27/20,-88.6
3/30/20,85.18
3/31/20,-42.06
4/1/20,-114.09
4/2/20,56.4
4/3/20,-38.25
4/6/20,175.04
4/7/20,-4.27
4/8/20,90.57
4/9/20,39.84
4/13/20,-28.19
4/14/20,84.43
4/15/20,-62.7
4/16/20,16.19
4/17/20,75.01
4/20/20,-51.41
4/21/20,-86.59
4/22/20,62.75
4/23/20,-1.52
4/24/20,38.94
4/27/20,41.74
4/28/20,-15.09
4/29/20,76.11
4/30/20,-27.07
5/1/20,-81.73
5/4/20,12.03
5/5/20,25.7
5/6/20,-20.01
5/7/20,32.77
5/8/20,48.61
5/11/20,0.52
5/12/20,-60.21
5/13/20,-50.12
5/14/20,32.51
5/15/20,11.19
5/18/20,90.21
5/19/20,-30.97
5/20/20,48.67
5/21/20,-23.11
5/22/20,6.95
5/26/20,36.31
5/27/20,44.37
5/28/20,-6.4
5/29/20,14.57
6/1/20,11.43
6/2/20,25.09
6/3/20,42.05
6/4/20,-10.52
6/5/20,81.58
6/8/20,38.46
6/9/20,-25.21
6/10/20,-17.04
6/11/20,-188.04
6/12/20,39.22
6/15/20,25.28
6/16/20,58.15
6/17/20,-11.25
6/18/20,1.86
6/19/20,-17.6
6/22/20,20.12
6/23/20,13.42
6/24/20,-80.95
6/25/20,33.42
6/26/20,-74.71
6/29/20,44.19
6/30/20,47.05
7/1/20,15.57
7/2/20,14.15
7/6/20,49.71
7/7/20,-34.4
7/8/20,24.63
7/9/20,-17.89
7/10/20,32.99
7/13/20,-29.82
7/14/20,42.3
7/15/20,29.04
7/16/20,-10.99
7/17/20,9.16
7/20/20,27.11
7/21/20,5.46
7/22/20,18.72
7/23/20,-40.35
7/24/20,-20.03
7/27/20,23.78
7/28/20,-20.97
7/29/20,40
7/30/20,-12.21
7/31/20,24.9
8/3/20,23.49
8/4/20,11.89
8/5/20,21.26
8/6/20,21.38
8/7/20,2.13
8/10/20,9.19
8/11/20,-26.78
8/12/20,46.66
8/13/20,-6.92
8/14/20,-0.58
8/17/20,9.15
8/18/20,7.78
8/19/20,-14.92
8/20/20,10.66
8/21/20,11.64
8/24/20,34.12
8/25/20,12.34
8/26/20,35.11
8/27/20,5.82
8/28/20,23.46
8/31/20,-7.71
9/1/20,26.34
9/2/20,54.19
9/3/20,-125.78
9/4/20,-28.1
9/8/20,-95.12
9/9/20,67.12
9/10/20,-59.77
9/11/20,1.78
9/14/20,42.58
9/15/20,17.66
9/16/20,-15.71
9/17/20,-28.48
9/18/20,-37.54
9/21/20,-38.41
9/22/20,34.51
9/23/20,-78.65
9/24/20,9.67
9/25/20,51.87
9/28/20,53.14
9/29/20,-16.12
9/30/20,27.52
10/1/20,17.8
10/2/20,-32.35
10/5/20,60.18
10/6/20,-47.67
10/7/20,58.5
10/8/20,27.38
10/9/20,30.31
10/12/20,57.08
10/13/20,-22.29
10/14/20,-23.26
10/15/20,-5.32
10/16/20,0.47
10/19/20,-56.88
10/20/20,16.19
10/21/20,-7.56
10/22/20,17.93
10/23/20,11.9
10/26/20,-64.42
10/27/20,-10.28
10/28/20,-119.66
10/29/20,39.09
10/30/20,-40.15
11/2/20,40.28
11/3/20,58.92
11/4/20,74.28
11/5/20,67.01
11/6/20,-1.01
11/9/20,41.06
11/10/20,-4.97
11/11/20,27.13
11/12/20,-35.65
11/13/20,48.14
11/16/20,41.75
11/17/20,-17.38
11/18/20,-41.74
11/19/20,14.08
11/20/20,-24.32
11/23/20,20.05
11/24/20,57.82
11/25/20,-5.76
11/27/20,8.71
11/30/20,-16.72
12/1/20,40.82
12/2/20,6.55
12/3/20,-2.29
12/4/20,32.41
12/7/20,-7.16
12/8/20,10.28
12/9/20,-29.43
12/10/20,-4.72
12/11/20,-4.65
12/14/20,-15.96
12/15/20,47.13
12/16/20,6.55
12/17/20,21.31
12/18/20,-13.07
12/21/20,-14.49
12/22/20,-7.66
12/23/20,2.75
12/24/20,13.04
12/28/20,32.3
12/29/20,-8.32
12/30/20,5
12/31/20,24.03
1/4/21,-55.42
1/5/21,26.21
1/6/21,21.28
1/7/21,55.65
1/8/21,20.89
1/11/21,-25.08
1/12/21,1.59
1/13/21,8.65
1/14/21,-14.3
1/15/21,-27.3
1/19/21,30.66
1/20/21,52.94
1/21/21,1.23
1/22/21,-11.61
1/25/21,13.89
1/26/21,-5.73
1/27/21,-98.85
1/28/21,36.6
1/29/21,-73.13
2/1/21,59.61
2/2/21,52.46
2/3/21,3.86
2/4/21,41.57
2/5/21,15.09
2/8/21,28.76
2/9/21,-4.36
2/10/21,-1.35
2/11/21,6.5
2/12/21,18.46
2/16/21,-2.24
2/17/21,-1.26
2/18/21,-17.36
2/19/21,-7.26
2/22/21,-30.21
2/23/21,4.87
2/24/21,44.06
2/25/21,-96.09
2/26/21,-18.19
3/1/21,90.67
3/2/21,-31.52
3/3/21,-50.58
3/4/21,-51.24
3/5/21,73.47
3/8/21,-20.59
3/9/21,54.1
3/10/21,23.36
3/11/21,40.53
3/12/21,4
3/15/21,25.59
3/16/21,-6.23
3/17/21,11.41
3/18/21,-58.66
3/19/21,-2.36
3/22/21,27.49
3/23/21,-30.07
3/24/21,-21.37
3/25/21,20.37
3/26/21,65.02
3/29/21,-3.44
3/30/21,-12.54
3/31/21,14.34
4/1/21,46.97
4/5/21,58.05
4/6/21,-3.97
4/7/21,6.01
4/8/21,17.22
4/9/21,31.63
4/12/21,-0.81
4/13/21,13.6
4/14/21,-16.93
4/15/21,45.76
4/16/21,15.05
4/19/21,-22.21
4/20/21,-28.32
4/21/21,38.48
4/22/21,-38.44
4/23/21,45.19
4/26/21,7.45
4/27/21,-0.9
4/28/21,-3.54
4/29/21,28.29
4/30/21,-30.3
5/3/21,11.48
5/4/21,-28
5/5/21,2.93
5/6/21,34.03
5/7/21,30.98
5/10/21,-44.17
5/11/21,-36.33
5/12/21,-89.06
5/13/21,49.46
5/14/21,61.36
5/17/21,-10.56
5/18/21,-35.46
5/19/21,-12.15
5/20/21,43.45
5/21/21,-3.27
5/24/21,41.19
5/25/21,-8.91
5/26/21,7.86
5/27/21,4.88
5/28/21,3.23
6/1/21,-2.07
6/2/21,6.08
6/3/21,-15.26
6/4/21,37.04
6/7/21,-3.37
6/8/21,0.73
6/9/21,-7.71
6/10/21,19.64
6/11/21,8.26
6/14/21,7.71
6/15/21,-8.56
6/16/21,-22.89
6/17/21,-1.85
6/18/21,-55.41
6/21/21,58.33
6/22/21,21.65
6/23/21,-4.6
6/24/21,24.65
6/25/21,14.22
6/28/21,9.91
6/29/21,1.19
6/30/21,5.69
7/1/21,22.44
7/2/21,32.4
7/6/21,-8.8
7/7/21,14.59
7/8/21,-37.32
7/9/21,